hub_id,hub_name,zone,hub_type,total_deliveries,average_route_distance_km,average_route_overrides,missing_proof_count,average_customer_rating,total_fuel_or_charge_cost
H01,North Exchange,North,Dispatch,136,13.643308823529411,1.0294117647058822,6,3.8420588235294115,1734.79
H02,South Link,South,Dispatch,106,14.169150943396227,0.9150943396226415,8,3.9517924528301887,1331.89
H03,East Dock,East,Warehouse,119,14.515546218487394,0.8907563025210085,9,3.899495798319328,1516.56
H04,West Gate,West,Dispatch,127,13.384566929133857,0.8740157480314961,7,3.916456692913386,1672.21
H05,Central Core,Central,Control,115,14.321652173913044,0.9478260869565217,10,3.676,1573.89
H06,Airport Hub,Airport,Dispatch,104,14.412211538461538,0.9134615384615384,10,3.883653846153846,1385.2
H07,Riverside Hub,Riverside,Warehouse,115,14.28695652173913,1.0521739130434782,9,3.884608695652174,1486.04
H08,Midtown Relay,Central,Charging,128,12.81546875,1.109375,10,3.888203125,1498.65
